{"kind":"ROperator","id":"c845ceade32c4423bc616ff5ab45478d","isDeleted":false,"rev":"2-238a24596776f7d8b284b42815dcfc78","description":"Calculates the z score for all data points. ","name":"Z-score scaling","createdBy":"ginberg","acl":{"kind":"Acl","owner":"pamgene","aces":[]},"createdDate":{"kind":"Date","value":"2022-02-03T08:52:44.021871Z"},"lastModifiedDate":{"kind":"Date","value":"2022-02-03T08:52:44.021871Z"},"urls":[{"kind":"Url","uri":"https://github.com/tercen/zscore_scaling_operator"}],"tags":["pamgene"],"meta":[{"kind":"Pair","key":"runtime","value":"R-4.0"}],"url":{"kind":"Url","uri":"https://github.com/tercen/zscore_scaling_operator"},"version":"0.0.2","authors":["tercen"],"isPublic":true,"properties":[{"kind":"EnumeratedProperty","name":"Dimension","description":"whether the scaled values should be calculated based on rows (spots) or columns (arrays)","defaultValue":"Row","values":["Row","Column"]}],"longDescription":"","path":"1f/aa/69/69aa1f1e-71ee-472d-a466-dfaba78c07da/tercen-zscore_scaling_operator-c59454d"}