{"kind":"ROperator","id":"c845ceade32c4423bc616ff5ab18b165","isDeleted":false,"rev":"2-2cac0bc1ab44e62594aa491ccb491720","description":"Multiply input values by 100.","name":"S100","createdBy":"fnaji","acl":{"kind":"Acl","owner":"pamgene","aces":[]},"createdDate":{"kind":"Date","value":"2022-02-02T14:51:22.773253Z"},"lastModifiedDate":{"kind":"Date","value":"2022-02-02T14:51:22.773253Z"},"urls":[{"kind":"Url","uri":"https://github.com/tercen/S100_operator"}],"tags":["pamgene"],"meta":[{"kind":"Pair","key":"runtime","value":"R-4.0"}],"url":{"kind":"Url","uri":"https://github.com/tercen/S100_operator"},"version":"0.0.2","authors":["tercen"],"isPublic":true,"properties":[],"longDescription":"","path":"7e/8b/fb/fb8b7e65-40f4-4e11-b236-b3a41f729826/tercen-S100_operator-36f62fa"}