{"kind":"ROperator","id":"c845ceade32c4423bc616ff5ab43a369","isDeleted":false,"rev":"2-3b439d4f7f3f0d9ccf752a570af50ec7","description":"Check input and return valid output","name":"Check input 1 operator","createdBy":"ginberg","acl":{"kind":"Acl","owner":"pamgene","aces":[]},"createdDate":{"kind":"Date","value":"2022-02-03T08:44:55.296575Z"},"lastModifiedDate":{"kind":"Date","value":"2022-02-03T08:44:55.296575Z"},"urls":[{"kind":"Url","uri":"https://github.com/tercen/check_input1_operator"}],"tags":["check","pamgene"],"meta":[{"kind":"Pair","key":"runtime","value":"R-4.0"}],"url":{"kind":"Url","uri":"https://github.com/tercen/check_input1_operator"},"version":"0.0.2","authors":["tercen"],"isPublic":true,"properties":[],"longDescription":"","path":"72/41/a8/a84172fb-c9a5-49dc-8b9d-6916795152a3/tercen-check_input1_operator-625fec9"}