{"kind":"ROperator","id":"9be6d831e5bae0f03b78946721241513","isDeleted":false,"rev":"1-5cff2462faee7252b65025626c4d5ace","description":"Apply a DasCombat model to data.","name":"dascombat_prediction_operator","createdBy":"wptmdoorn","acl":{"kind":"Acl","owner":"pamgene","aces":[]},"createdDate":{"kind":"Date","value":"2022-03-08T05:45:51.899044Z"},"lastModifiedDate":{"kind":"Date","value":"2022-03-08T05:45:51.899044Z"},"urls":[{"kind":"Url","uri":"https://github.com/tercen/dascombat_prediction_operator"}],"tags":["pamgene","dascombat","prediction"],"meta":[{"kind":"Pair","key":"runtime","value":"R-4.0"}],"url":{"kind":"Url","uri":"https://github.com/tercen/dascombat_prediction_operator"},"version":"0.0.3","authors":["tercen","wptmdoorn"],"isPublic":true,"properties":[],"longDescription":"","path":"7a/20/05/05207af0-ec32-4c06-9622-1f58a4247b66/tercen-dascombat_prediction_operator-73fadbe"}