{"kind":"ROperator","id":"c845ceade32c4423bc616ff5ab188b42","isDeleted":false,"rev":"2-6e079d59143a727a8ebd84db7fe66a8d","description":"Transforms data using a logarithmic function with an optional cutoff of values.","name":"Log Cutoff","createdBy":"fnaji","acl":{"kind":"Acl","owner":"pamgene","aces":[]},"createdDate":{"kind":"Date","value":"2022-02-02T14:50:57.538005Z"},"lastModifiedDate":{"kind":"Date","value":"2022-02-02T14:50:57.538005Z"},"urls":[{"kind":"Url","uri":"https://github.com/tercen/log_cutoff_operator"}],"tags":["log","pamgene"],"meta":[{"kind":"Pair","key":"runtime","value":"R-4.0"}],"url":{"kind":"Url","uri":"https://github.com/tercen/log_cutoff_operator"},"version":"0.0.2","authors":["tercen"],"isPublic":true,"properties":[{"kind":"EnumeratedProperty","name":"Treatment of negative values","description":"How to handle negative values","defaultValue":"Mask at cut-off","values":["Mask at cut-off","None"]},{"kind":"DoubleProperty","name":"cut-off","description":"Cut-off.","defaultValue":1.0},{"kind":"DoubleProperty","name":"logBase","description":"Base value of the logarithmic function.","defaultValue":2.0}],"longDescription":"","path":"eb/c3/dc/dcc3eb3b-0cab-4569-a9a9-f7f8d8671a2d/tercen-log_cutoff_operator-755a63d"}