{"kind":"ROperator","id":"c845ceade32c4423bc616ff5ab1876f9","isDeleted":false,"rev":"2-1b03d62ce719458294822cad7304155e","description":"Returns the per pairing identity of the input values.","name":"Identity","createdBy":"fnaji","acl":{"kind":"Acl","owner":"pamgene","aces":[]},"createdDate":{"kind":"Date","value":"2022-02-02T14:50:44.454946Z"},"lastModifiedDate":{"kind":"Date","value":"2022-02-02T14:50:44.454946Z"},"urls":[{"kind":"Url","uri":"https://github.com/tercen/identity_operator"}],"tags":["identity","pamgene"],"meta":[{"kind":"Pair","key":"runtime","value":"R-4.0"}],"url":{"kind":"Url","uri":"https://github.com/tercen/identity_operator"},"version":"0.0.1","authors":["tercen"],"isPublic":true,"properties":[],"longDescription":"","path":"3c/cd/23/23cd3cbe-ec43-4c4d-9fb1-ed7a26730be8/tercen-identity_operator-4234a0f"}