{"kind":"ROperator","id":"bb42a8b15eb0efe86046f5b73bd52bfd","isDeleted":false,"rev":"2-de3a6ec08d953714a0e0db86df2b25ea","description":"Model-based clustering based on finite normal mixture modelling","name":"Model Based Clustering","createdBy":"ginberg","acl":{"kind":"Acl","owner":"pamgene","aces":[]},"createdDate":{"kind":"Date","value":"2022-02-14T08:08:36.193321Z"},"lastModifiedDate":{"kind":"Date","value":"2022-02-14T08:08:36.193321Z"},"urls":[{"kind":"Url","uri":"https://github.com/tercen/model_based_clustering_operator"}],"tags":["clustering","pamgene"],"meta":[{"kind":"Pair","key":"runtime","value":"R-4.0"}],"url":{"kind":"Url","uri":"https://github.com/tercen/model_based_clustering_operator"},"version":"0.0.2","authors":["tercen"],"isPublic":true,"properties":[{"kind":"StringProperty","name":"Number of clusters","description":"Number of clusters (auto = optimal number of clusters will be estimated)","defaultValue":"auto"}],"longDescription":"","path":"90/86/29/2986900d-c451-4c90-a377-e528b51d152b/tercen-model_based_clustering_operator-31aba47"}