{"kind":"ROperator","id":"dee3d592cc5752201f54a95e6ad42f00","isDeleted":false,"rev":"1-184ee6a7334b9fc206e5fde25ef4546f","description":"Performs a statistical comparison of one control vs muliptle treatment conditions.","name":"ANOVA and Dunnett","createdBy":"ginberg","acl":{"kind":"Acl","owner":"pamgene","aces":[]},"createdDate":{"kind":"Date","value":"2022-03-29T08:16:03.071036Z"},"lastModifiedDate":{"kind":"Date","value":"2022-03-29T08:16:03.071036Z"},"urls":[{"kind":"Url","uri":"https://github.com/tercen/anova_dunnett_operator"}],"tags":["statistical testing","test","linear model","pamgene"],"meta":[{"kind":"Pair","key":"runtime","value":"R-4.0"}],"url":{"kind":"Url","uri":"https://github.com/tercen/anova_dunnett_operator"},"version":"0.0.2","authors":["tercen"],"isPublic":true,"properties":[{"kind":"StringProperty","name":"Verbose","description":"Prints additional output","defaultValue":"off"}],"longDescription":"","path":"5f/f3/84/84f35f2d-cae4-48c8-b441-e5870f243c6a/tercen-anova_dunnett_operator-c3d7edf"}