{"kind":"ROperator","id":"c845ceade32c4423bc616ff5ab18eb37","isDeleted":false,"rev":"2-a310cdf201ff5d47a40c9c0b8076ea95","description":"Calculate the mathamatical average of the data points in a cell.","name":"Mean","createdBy":"fnaji","acl":{"kind":"Acl","owner":"pamgene","aces":[]},"createdDate":{"kind":"Date","value":"2022-02-02T14:52:09.692999Z"},"lastModifiedDate":{"kind":"Date","value":"2022-02-02T14:52:09.692999Z"},"urls":[{"kind":"Url","uri":"https://github.com/tercen/mean_operator"}],"tags":["basic statistics"],"meta":[{"kind":"Pair","key":"runtime","value":"R-4.0"}],"url":{"kind":"Url","uri":"https://github.com/tercen/mean_operator"},"version":"1.0.0","authors":["tercen"],"isPublic":true,"properties":[],"longDescription":"","path":"2c/dd/ec/ecdd2c08-5803-4d19-b30d-d6ea93a224ec/tercen-mean_operator-c2f6793"}