{"kind":"ROperator","id":"c845ceade32c4423bc616ff5ab439b99","isDeleted":false,"rev":"2-faca1b4cf38c658da9459d522862840f","description":"Transforms data using a logarithmic function with an optional cutoff of values.","name":"Log Cutoff","createdBy":"ginberg","acl":{"kind":"Acl","owner":"pamgene","aces":[]},"createdDate":{"kind":"Date","value":"2022-02-03T08:44:43.006359Z"},"lastModifiedDate":{"kind":"Date","value":"2022-02-03T08:44:43.006359Z"},"urls":[{"kind":"Url","uri":"https://github.com/tercen/log_cutoff_operator"}],"tags":["log","pamgene"],"meta":[{"kind":"Pair","key":"runtime","value":"R-4.0"}],"url":{"kind":"Url","uri":"https://github.com/tercen/log_cutoff_operator"},"version":"0.0.1","authors":["tercen"],"isPublic":true,"properties":[{"kind":"EnumeratedProperty","name":"Treatment of negative values","description":"How to handle negative values","defaultValue":"Mask at cut-off","values":["Mask at cut-off","None"]},{"kind":"DoubleProperty","name":"shift offset","description":"Shift offset.","defaultValue":1.0},{"kind":"DoubleProperty","name":"cut-off","description":"Cut-off.","defaultValue":1.0},{"kind":"DoubleProperty","name":"logBase","description":"Base value of the logarithmic function.","defaultValue":2.0}],"longDescription":"","path":"a3/96/21/2196a35c-9637-422f-9849-f0f11fc3e77e/tercen-log_cutoff_operator-3bb9539"}