{"kind":"ROperator","id":"4450e70e96556a06b97562cfcb453b0f","isDeleted":false,"rev":"2-6f3d8b8f95224af7b17f3bbed23ec799","description":"Check input and return valid output","name":"Check input 1 operator","createdBy":"ginberg","acl":{"kind":"Acl","owner":"pamgene","aces":[]},"createdDate":{"kind":"Date","value":"2022-02-17T09:52:59.453459Z"},"lastModifiedDate":{"kind":"Date","value":"2022-02-17T09:52:59.453459Z"},"urls":[{"kind":"Url","uri":"https://github.com/tercen/check_input1_operator"}],"tags":["check","pamgene"],"meta":[{"kind":"Pair","key":"runtime","value":"R-4.0"}],"url":{"kind":"Url","uri":"https://github.com/tercen/check_input1_operator"},"version":"0.0.3","authors":["tercen"],"isPublic":true,"properties":[],"longDescription":"","path":"2c/3b/c0/c03b2c72-e9c1-4bf2-b4e4-fadb09c4d1e5/tercen-check_input1_operator-b69d049"}