{"kind":"ShinyOperator","id":"ba516d78a1a52fff3d5ade7158fd46fa","isDeleted":false,"rev":"2-384f55a99dfcdc21c83df26c641ba1c9","description":"Interactive heatmap operator for Tercen","name":"Heatmap Dashboard","createdBy":"Savi_tercen","acl":{"kind":"Acl","owner":"pamgene","aces":[]},"createdDate":{"kind":"Date","value":"2022-02-10T13:30:22.562136Z"},"lastModifiedDate":{"kind":"Date","value":"2022-02-10T13:30:22.562136Z"},"urls":[{"kind":"Url","uri":"https://github.com/tercen/Heatmap_Dashboard"}],"tags":["heatmap","pamgene"],"meta":[{"kind":"Pair","key":"runtime","value":"R-4.0"}],"url":{"kind":"Url","uri":"https://github.com/tercen/Heatmap_Dashboard"},"version":"0.2.0","authors":["rdw"],"isPublic":true,"properties":[{"kind":"DoubleProperty","name":"qMin","description":"Quantile for default lower scale limit","defaultValue":0.01},{"kind":"DoubleProperty","name":"qMax","description":"Quantile for default upper scale limit","defaultValue":0.99}],"longDescription":"","path":"ed/00/57/5700ed13-6398-4fc7-a819-e5a66a851394/tercen-Heatmap_Dashboard-fe73220","isViewOnly":false}