{"kind":"ROperator","id":"c845ceade32c4423bc616ff5ab465b81","isDeleted":false,"rev":"2-37cf5e5112cf08a194f499d9286b4eda","description":"Flags selected columns in the view.","name":"Col-flag","createdBy":"ginberg","acl":{"kind":"Acl","owner":"pamgene","aces":[]},"createdDate":{"kind":"Date","value":"2022-02-03T08:57:11.070819Z"},"lastModifiedDate":{"kind":"Date","value":"2022-02-03T08:57:11.070819Z"},"urls":[{"kind":"Url","uri":"https://github.com/tercen/col_flag_operator"}],"tags":["flagging"],"meta":[{"kind":"Pair","key":"runtime","value":"R-4.0"}],"url":{"kind":"Url","uri":"https://github.com/tercen/col_flag_operator"},"version":"0.0.1","authors":["tercen"],"isPublic":true,"properties":[],"longDescription":"","path":"56/5f/10/105f5656-2f49-40ec-9bf1-ac5396329799/tercen-col_flag_operator-3ba7596"}