{"kind":"ROperator","id":"c845ceade32c4423bc616ff5ab438aab","isDeleted":false,"rev":"2-637086f22f6d173a0139fe29f8941c61","description":"Operator that estimates nominal CV's that can be used for setting a peptide cut-off.","name":"Nominal CV Estimate","createdBy":"ginberg","acl":{"kind":"Acl","owner":"pamgene","aces":[]},"createdDate":{"kind":"Date","value":"2022-02-03T08:44:30.216325Z"},"lastModifiedDate":{"kind":"Date","value":"2022-02-03T08:44:30.216325Z"},"urls":[{"kind":"Url","uri":"https://github.com/tercen/nominal_cv_estimate_operator"}],"tags":["cv","pamgene"],"meta":[{"kind":"Pair","key":"runtime","value":"R-4.0"}],"url":{"kind":"Url","uri":"https://github.com/tercen/nominal_cv_estimate_operator"},"version":"0.0.1","authors":["tercen"],"isPublic":true,"properties":[{"kind":"DoubleProperty","name":"Quantile for low signal spots","description":"Quantile for low signal spots","defaultValue":0.1},{"kind":"DoubleProperty","name":"High signal CV","description":"High signal CV","defaultValue":0.1},{"kind":"DoubleProperty","name":"Nominal CV max","description":"Nominal CV max","defaultValue":1.0}],"longDescription":"","path":"65/a2/50/50a2652e-6d78-4a25-b843-6a41bbddb30f/tercen-nominal_cv_estimate_operator-8ec7cd9"}