{"kind":"ROperator","id":"2d4a3c81ff96b26a3085562bb2baf3d9","isDeleted":false,"rev":"1-ca14e6b22c545a83c424d71957a7f91f","description":"Variance Stabilisation and Normalisation: Removes the relation between the variance and magnitude of the measurement.","name":"VSN","createdBy":"ginberg","acl":{"kind":"Acl","owner":"pamgene","aces":[]},"createdDate":{"kind":"Date","value":"2022-02-24T09:29:01.951714Z"},"lastModifiedDate":{"kind":"Date","value":"2022-02-24T09:29:01.951714Z"},"urls":[{"kind":"Url","uri":"https://github.com/tercen/vsn_operator"}],"tags":["normalization","rnaseq"],"meta":[{"kind":"Pair","key":"runtime","value":"R-4.0"}],"url":{"kind":"Url","uri":"https://github.com/tercen/vsn_operator"},"version":"0.0.3","authors":["tercen"],"isPublic":true,"properties":[],"longDescription":"","path":"03/96/0d/0d960307-cfcc-4e19-b485-2822a5a7a949/tercen-vsn_operator-935ba9e"}