{"kind":"ShinyOperator","id":"6cb476eeed67413abbf51fc96af92779","isDeleted":false,"rev":"2-a55f49a12226da0f34d4d445b3d04e85","description":"PCA Shiny operator","name":"PCA Shiny","createdBy":"plinders","acl":{"kind":"Acl","owner":"pamgene","aces":[]},"createdDate":{"kind":"Date","value":"2022-02-16T10:11:36.903692Z"},"lastModifiedDate":{"kind":"Date","value":"2022-02-16T10:11:36.903692Z"},"urls":[{"kind":"Url","uri":"https://github.com/tercen/PCA_shiny_operator"}],"tags":["pamgene","pca"],"meta":[{"kind":"Pair","key":"runtime","value":"R-4.0"}],"url":{"kind":"Url","uri":"https://github.com/tercen/PCA_shiny_operator"},"version":"0.0.2","authors":["tercen"],"isPublic":true,"properties":[{"kind":"EnumeratedProperty","name":"Scale Spots","description":"If the spots should be scaled","defaultValue":"No","values":["No","Yes"]},{"kind":"DoubleProperty","name":"Number of Components","description":"number of components","defaultValue":5.0},{"kind":"DoubleProperty","name":"Subtract component","description":"subtract component","defaultValue":0.0}],"longDescription":"","path":"b0/b2/76/76b2b0af-a151-4370-849d-ab2b65cb7c23/tercen-PCA_shiny_operator-62add7d","isViewOnly":false}