{"kind":"ROperator","id":"c845ceade32c4423bc616ff5ab189d39","isDeleted":false,"rev":"2-0f3fbf8e5ff66fc73ed835cf39a2bb50","description":"Exposure Time Scaling","name":"ETS","createdBy":"fnaji","acl":{"kind":"Acl","owner":"pamgene","aces":[]},"createdDate":{"kind":"Date","value":"2022-02-02T14:51:09.544423Z"},"lastModifiedDate":{"kind":"Date","value":"2022-02-02T14:51:09.544423Z"},"urls":[{"kind":"Url","uri":"https://github.com/tercen/ETS_operator"}],"tags":["pamgene"],"meta":[{"kind":"Pair","key":"runtime","value":"R-4.0"}],"url":{"kind":"Url","uri":"https://github.com/tercen/ETS_operator"},"version":"0.0.2","authors":["tercen"],"isPublic":true,"properties":[],"longDescription":"","path":"63/06/a9/a9066369-87b9-40e0-a227-c1bb61440f52/tercen-ETS_operator-2ca3eb4"}