{"kind":"ROperator","id":"51a796141ec2b7b2e67e216d4a7e442f","isDeleted":false,"rev":"1-f4795751e810fde83fd01a707dd5defc","description":"Fit a DasCombat model to data.","name":"dascombat_fit_operator","createdBy":"plinders","acl":{"kind":"Acl","owner":"pamgene","aces":[]},"createdDate":{"kind":"Date","value":"2022-02-25T09:37:33.544028Z"},"lastModifiedDate":{"kind":"Date","value":"2022-02-25T09:37:33.544028Z"},"urls":[{"kind":"Url","uri":"https://github.com/tercen/dascombat_fit_operator"}],"tags":["pamgene","dascombat","fit"],"meta":[{"kind":"Pair","key":"runtime","value":"R-4.0"}],"url":{"kind":"Url","uri":"https://github.com/tercen/dascombat_fit_operator"},"version":"0.0.3","authors":["tercen","wptmdoorn"],"isPublic":true,"properties":[],"longDescription":"","path":"a2/67/76/7667a2b3-3731-4374-8629-2a64b772fb2c/tercen-dascombat_fit_operator-17f417f"}