{"kind":"ROperator","id":"c845ceade32c4423bc616ff5ab462ce5","isDeleted":false,"rev":"2-25cb4fd73551c9c7ff91f91269d452cd","description":"Ranks the incoming data by row mean.","name":"Rank by Row mean","createdBy":"ginberg","acl":{"kind":"Acl","owner":"pamgene","aces":[]},"createdDate":{"kind":"Date","value":"2022-02-03T08:56:45.954143Z"},"lastModifiedDate":{"kind":"Date","value":"2022-02-03T08:56:45.954143Z"},"urls":[{"kind":"Url","uri":"https://github.com/tercen/rank_by_row_mean_operator"}],"tags":["rank","pamgene"],"meta":[{"kind":"Pair","key":"runtime","value":"R-4.0"}],"url":{"kind":"Url","uri":"https://github.com/tercen/rank_by_row_mean_operator"},"version":"0.0.1","authors":["tercen"],"isPublic":true,"properties":[],"longDescription":"","path":"ce/48/22/2248ce52-c39a-4cc0-a177-63e841fc959c/tercen-rank_by_row_mean_operator-e57ae6a"}