{"kind":"ShinyOperator","id":"c6c39898547ab62c753a2094cca74ba2","isDeleted":false,"rev":"1-6a40424a088023a373ef2878c1016ffb","description":"Export a view from Tercen in crosstab file format.","name":"Export Crosstab Shiny Operator","createdBy":"ginberg","acl":{"kind":"Acl","owner":"pamgene","aces":[]},"createdDate":{"kind":"Date","value":"2022-03-01T15:57:19.315513Z"},"lastModifiedDate":{"kind":"Date","value":"2022-03-01T15:57:19.315513Z"},"urls":[{"kind":"Url","uri":"https://github.com/tercen/export_crosstab_shiny_operator"}],"tags":["shiny"],"meta":[{"kind":"Pair","key":"runtime","value":"R-4.0"}],"url":{"kind":"Url","uri":"https://github.com/tercen/export_crosstab_shiny_operator"},"version":"0.0.4","authors":["tercen"],"isPublic":true,"properties":[],"longDescription":"","path":"d8/cd/9d/9dcdd8ac-7ca5-4671-a393-c943046df52e/tercen-export_crosstab_shiny_operator-9b6331a","isViewOnly":true}